Number,Count,Probability
2,245,0.13756316676024705
8,214,0.120157215047726
5,237,0.13307130825379002
6,205,0.11510387422796182
3,221,0.12408759124087591
4,227,0.1274564851207187
7,216,0.12128017967434025
1,216,0.12128017967434025
